{"optim/entropy":0.35277020931243896,"env/all/total_ob_tokens":10140,"time/compute_kl_sample_train":0.0038537979125976562,"env/all/by_group/frac_mixed":1,"env/all/by_group/frac_all_bad":0,"env/all/ac_tokens_per_turn":149.5625,"_step":19,"env/all/format":0.9375,"env/all/ob_tokens_per_turn":633.75,"env/all/llm_judge_score":0.46875,"_runtime":661.1938015,"env/all/correct":0.4375,"env/all/reward/total":0.46249999999999997,"env/all/total_ac_tokens":2393,"env/all/turns_per_episode":1,"env/all/total_episodes":16,"env/all/by_group/frac_all_good":0,"time/train":2.236834764480591,"optim/kl_sample_train_v2":0.0015823913272470236,"time/assemble_training_data":0.012817144393920898,"time/total":56.15288496017456,"_wandb":{"runtime":661},"env/all/total_turns":16,"env/all/quality_pass":0.4375,"optim/lr":4e-05,"optim/kl_sample_train_v1":0.0021495402324944735,"_timestamp":1.765049164106343e+09,"progress/batch":19,"time/save_checkpoint":14.121298789978027,"progress/done_frac":1}