{"time/save_checkpoint":13.214874982833862,"time/total":27.548669815063477,"env/all/by_group/frac_mixed":1,"env/all/bleu_score":1.7575445516020757e-06,"time/compute_kl_sample_train":0.004575967788696289,"progress/batch":19,"env/all/total_ac_tokens":5012,"time/assemble_training_data":0.014499187469482422,"optim/lr":4e-05,"optim/kl_sample_train_v2":0.0010264873271808028,"env/all/bleu_correct":0,"_timestamp":1.76413690660921e+09,"env/all/ob_tokens_per_turn":634.5,"env/all/total_turns":16,"env/all/ac_tokens_per_turn":313.25,"env/all/total_ob_tokens":10152,"env/all/reward/total":-0.0124982424554484,"_wandb":{"runtime":476},"optim/kl_sample_train_v1":0.00068824173649773,"env/all/by_group/frac_all_good":0,"env/all/total_episodes":16,"env/all/format":0.875,"env/all/by_group/frac_all_bad":0,"env/all/turns_per_episode":1,"progress/done_frac":1,"time/train":3.928652048110962,"_runtime":476.918788125,"optim/entropy":0.5794529914855957,"env/all/correct":0,"_step":19}