{"time/total":30.4722158908844,"env/all/ac_tokens_per_turn":213.25,"env/all/total_ob_tokens":10152,"_wandb":{"runtime":506},"env/all/total_ac_tokens":3412,"time/compute_kl_sample_train":0.004293918609619141,"_runtime":506.949691792,"optim/kl_sample_train_v1":0.00014926002768334,"env/all/by_group/frac_mixed":0.75,"time/save_checkpoint":17.670395135879517,"env/all/turns_per_episode":1,"env/all/total_episodes":16,"env/all/by_group/frac_all_good":0,"env/all/bleu_score":2.6891028649673825e-08,"progress/done_frac":1,"time/train":3.4122660160064697,"optim/kl_sample_train_v2":0.0011416822671890259,"_step":19,"env/all/reward/total":2.6891028649673825e-08,"env/all/by_group/frac_all_bad":0.25,"_timestamp":1.7641359556906261e+09,"env/all/format":1,"time/assemble_training_data":0.013674020767211914,"env/all/correct":0,"optim/lr":4e-05,"progress/batch":19,"env/all/total_turns":16,"optim/entropy":0.5599112510681152,"env/all/ob_tokens_per_turn":634.5,"env/all/bleu_correct":0}