{"env/all/turns_per_episode":1,"env/all/ac_tokens_per_turn":578.75,"optim/entropy":0.6465899348258972,"progress/batch":49,"_timestamp":1.7651430359554691e+09,"time/compute_kl_sample_train":0.0057830810546875,"env/all/ob_tokens_per_turn":858.25,"env/all/total_ac_tokens":9260,"env/all/correct":0.8125,"progress/done_frac":1,"env/all/llm_judge_score":0.6937500000000001,"time/train":2.9273741245269775,"_runtime":1826.32775875,"optim/kl_sample_train_v2":0.0012060233857482672,"env/all/quality_pass":0.8125,"env/all/format":1,"time/save_checkpoint":5.204084873199463,"env/all/total_ob_tokens":13732,"env/all/by_group/frac_mixed":1,"time/total":31.103116750717163,"_step":49,"env/all/reward/total":0.6937500000000001,"time/assemble_training_data":0.01773810386657715,"env/all/by_group/frac_all_good":0,"env/all/total_turns":16,"optim/lr":4e-05,"optim/kl_sample_train_v1":0.0009954116540029645,"env/all/by_group/frac_all_bad":0,"_wandb":{"runtime":1826},"env/all/total_episodes":16}