{"time/total":53.954121828079224,"env/all/ob_tokens_per_turn":634.5,"env/all/total_ob_tokens":10152,"env/all/total_episodes":16,"env/all/format":1,"time/save_checkpoint":11.967006206512451,"time/assemble_training_data":0.06725931167602539,"env/all/bleu_score":1.7490678228409486e-06,"progress/batch":19,"env/all/by_group/frac_all_bad":0,"env/all/bleu_correct":0,"optim/kl_sample_train_v2":0.0010831162799149752,"_timestamp":1.76393774445971e+09,"env/all/by_group/frac_mixed":1,"env/all/total_ac_tokens":3668,"_runtime":656.01500725,"env/all/reward/total":1.7490678228409486e-06,"env/all/correct":0,"time/compute_kl_sample_train":0.0038628578186035156,"optim/lr":4e-05,"progress/done_frac":1,"env/all/total_turns":16,"optim/kl_sample_train_v1":0.0013125822879374027,"env/all/by_group/frac_all_good":0,"time/train":11.568844079971313,"optim/entropy":0.5598340034484863,"_wandb":{"runtime":656},"env/all/ac_tokens_per_turn":229.25,"env/all/turns_per_episode":1,"_step":19}