{"env/all/by_group/frac_mixed":1,"time/compute_kl_sample_train":0.003913164138793945,"env/all/total_turns":16,"env/all/llm_judge_score":0.48750000000000004,"env/all/by_group/frac_all_bad":0,"_runtime":3249.362031708,"_wandb":{"runtime":3249},"env/all/total_ob_tokens":10140,"env/all/by_group/frac_all_good":0,"optim/kl_sample_train_v1":-0.0004475143796298653,"env/all/total_episodes":16,"_timestamp":1.7650564022872279e+09,"optim/lr":4e-05,"time/train":4.795091867446899,"env/all/format":0.9375,"optim/kl_sample_train_v2":0.0014576857211068273,"progress/done_frac":1,"time/total":146.64852499961853,"env/all/reward/total":0.48125,"time/assemble_training_data":0.013042926788330078,"env/all/correct":0.4375,"progress/batch":19,"env/all/turns_per_episode":1,"_step":19,"env/all/quality_pass":0.4375,"env/all/total_ac_tokens":3800,"optim/entropy":0.597766101360321,"env/all/ob_tokens_per_turn":633.75,"env/all/ac_tokens_per_turn":237.5,"time/save_checkpoint":25.656553268432617}