{"optim/entropy":0.4167304039001465,"_runtime":2108.961692542,"env/all/correct":0.8125,"progress/batch":49,"env/all/total_turns":32,"_wandb":{"runtime":2108},"env/all/by_group/frac_all_bad":0,"_step":49,"optim/kl_sample_train_v1":0.001221365644596517,"env/all/total_episodes":16,"optim/kl_sample_train_v2":0.0011057136580348015,"env/all/quality_pass":0.8125,"env/all/total_ob_tokens":40196,"time/compute_kl_sample_train":0.0038900375366210938,"env/all/no_search_penalty":1,"env/all/by_group/frac_all_good":0,"env/all/ob_tokens_per_turn":1256.125,"time/train":2.7396368980407715,"optim/lr":4e-05,"time/assemble_training_data":0.023976802825927734,"env/all/llm_judge_score":0.7525000000000001,"env/all/format":0.9375,"env/all/turns_per_episode":2,"env/all/by_group/frac_mixed":1,"env/all/ac_tokens_per_turn":273.03125,"env/all/reward/total":0.7462500000000001,"time/total":36.54994797706604,"progress/done_frac":1,"time/save_checkpoint":4.048120737075806,"env/all/total_ac_tokens":8737,"_timestamp":1.7651697039458072e+09,"env/all/num_searches":1}