{"env/all/quality_pass":0.125,"env/all/format":0.375,"env/all/llm_judge_score":0.13125,"env/all/ob_tokens_per_turn":861,"env/all/total_ac_tokens":5986,"time/assemble_training_data":0.03146004676818848,"_timestamp":1.765140453050926e+09,"time/train":2.784837245941162,"optim/kl_sample_train_v1":0.0005471118493005633,"optim/lr":4e-05,"time/compute_kl_sample_train":0.005173921585083008,"env/all/by_group/frac_all_bad":0.5,"env/all/total_episodes":16,"progress/done_frac":0.14,"time/save_checkpoint":3.9072558879852295,"env/all/correct":0.125,"_step":6,"env/all/ac_tokens_per_turn":374.125,"optim/entropy":0.6292073726654053,"time/total":41.522871017456055,"env/all/reward/total":0.06874999999999999,"optim/kl_sample_train_v2":0.0012226119870319963,"env/all/total_turns":16,"env/all/turns_per_episode":1,"_runtime":311.269851958,"progress/batch":6,"env/all/by_group/frac_all_good":0,"_wandb":{"runtime":311},"env/all/by_group/frac_mixed":0.5,"env/all/total_ob_tokens":13776}