{"optim/lr":4e-05,"_step":49,"env/all/ob_tokens_per_turn":806.75,"env/all/correct":0.0625,"env/all/total_turns":16,"env/all/by_group/frac_mixed":0.5,"_wandb":{"runtime":931},"progress/done_frac":1,"env/all/format":0.9375,"optim/kl_sample_train_v1":0.0012756111100316048,"progress/batch":49,"time/assemble_training_data":0.015347003936767578,"env/all/turns_per_episode":1,"time/train":2.303496837615967,"time/total":21.9072163105011,"_timestamp":1.765148476692765e+09,"env/all/reward/total":0.0375,"env/all/by_group/frac_all_good":0,"env/all/total_ob_tokens":12908,"optim/entropy":0.3368644416332245,"env/all/total_ac_tokens":2581,"env/all/by_group/frac_all_bad":0.5,"env/all/ac_tokens_per_turn":161.3125,"env/all/total_episodes":16,"time/save_checkpoint":4.807575225830078,"env/all/llm_judge_score":0.04375,"optim/kl_sample_train_v2":0.0012765140272676945,"_runtime":931.023176666,"env/all/quality_pass":0.0625,"time/compute_kl_sample_train":0.004506111145019531}