{"env/all/ac_tokens_per_turn":657.875,"env/all/total_ob_tokens":13740,"env/all/by_group/frac_mixed":0.75,"time/assemble_training_data":0.018661022186279297,"time/train":2.482724666595459,"env/all/correct":0.25,"env/all/by_group/frac_all_good":0,"optim/entropy":0.507198691368103,"time/total":36.13198900222778,"optim/lr":4e-05,"_runtime":1969.672161917,"optim/kl_sample_train_v2":0.000972252746578306,"time/compute_kl_sample_train":0.00585174560546875,"env/all/total_turns":16,"optim/kl_sample_train_v1":0.001248420448973775,"env/all/llm_judge_score":0.4125,"env/all/format":0.8125,"_step":49,"env/all/total_episodes":16,"progress/done_frac":1,"env/all/ob_tokens_per_turn":858.75,"_timestamp":1.765131017035983e+09,"progress/batch":49,"env/all/by_group/frac_all_bad":0.25,"_wandb":{"runtime":1969},"env/all/quality_pass":0.25,"time/save_checkpoint":3.91349458694458,"env/all/turns_per_episode":1,"env/all/total_ac_tokens":10526,"env/all/reward/total":0.39375000000000004}