{"env/all/ob_tokens_per_turn":637.5,"optim/entropy":0.5720662474632263,"env/all/format":0.875,"env/all/by_group/frac_all_good":0,"time/assemble_training_data":0.006600856781005859,"time/save_checkpoint":11.48151683807373,"progress/done_frac":1,"time/train":2.4265129566192627,"env/all/ac_tokens_per_turn":571.625,"_wandb":{"runtime":842},"env/all/bleu_correct":0,"env/all/bleu_score":0.004327383740411799,"env/all/reward/total":-0.0081726162595882,"env/all/correct":0,"env/all/turns_per_episode":1,"_timestamp":1.76481874594846e+09,"progress/batch":39,"optim/lr":4e-05,"_runtime":842.7788715,"time/compute_kl_sample_train":0.002201080322265625,"env/all/by_group/frac_mixed":1,"env/all/by_group/frac_all_bad":0,"optim/kl_sample_train_v1":0.0012960692401975393,"env/all/total_episodes":8,"_step":39,"env/all/total_turns":8,"env/all/total_ob_tokens":5100,"time/total":29.89681386947632,"env/all/total_ac_tokens":4573,"optim/kl_sample_train_v2":0.0010673458455130458}