{
  "total_examples": 20,
  "mean_bleu": 0.05729441524020469,
  "median_bleu": 0.04088449759312161,
  "accuracy": 0.0,
  "correct_count": 0,
  "mean_turns": 1.0,
  "max_bleu": 0.28846859961620847,
  "min_bleu": 0.0008801862174995903
}